id,x,y,z,labels
0,0.4,-0.4469983318002789,-0.224036808064585,1
1,0.3999682909739257,-0.4492550493699829,-0.219534204239274,1
2,0.3998731689230144,-0.4515114091481056,-0.2150323142798735,1
3,0.3997146489284042,-0.4537670533997918,-0.210531851939114,1
4,0.3994927561226681,-0.4560216245036296,-0.2060335307433841,1
5,0.3992075256858301,-0.4582747650083493,-0.2015380638796042,1
6,0.398859002839787,-0.460526117689496,-0.1970461640821543,1
7,0.3984472428411387,-0.4627753256060651,-0.1925585435198734,1
8,0.397972310972428,-0.4650220321570945,-0.1880759136831487,1
9,0.3974342825317898,-0.4672658811382011,-0.1835989852711119,1
10,0.3968332428210136,-0.4695065167980555,-0.1791284680789618,1
11,0.3961692871320185,-0.471743583894785,-0.1746650708854295,1
12,0.3954425207317459,-0.4739767277522952,-0.170209501340405,1
13,0.3946530588454694,-0.4762055943165019,-0.1657624658527426,1
14,0.3938010266385267,-0.4784298302114652,-0.1613246694782635,1
15,0.3928865591964751,-0.4806490827954151,-0.1568968158079725,1
16,0.3919098015036745,-0.4828630002166614,-0.1524796068565068,1
17,0.3908709084203006,-0.4850712314693778,-0.1480737429508358,1
18,0.3897700446577927,-0.4872734264492526,-0.1436799226192267,1
19,0.3886073847527397,-0.4894692360089956,-0.1392988424804968,1
20,0.3873831130392077,-0.4916583120136938,-0.1349311971335677,1
21,0.3860974236195151,-0.4938403073960066,-0.1305776790473406,1
22,0.3847505203334587,-0.4960148762111918,-0.126238978450908,1
23,0.3833426167259954,-0.498181673691953,-0.1219157832241215,1
24,0.3818739360133864,-0.5003403563031011,-0.117608778788532,1
25,0.3803447110478066,-0.5024905817960201,-0.1133186479987193,1
26,0.3787551842804276,-0.5046320092629291,-0.1090460710340287,1
27,0.3771056077229779,-0.5067642991909308,-0.1047917252907321,1
28,0.375396242907788,-0.5088871135158408,-0.1005562852746301,1
29,0.3736273608463252,-0.5110001156757852,-0.0963404224941122,1
30,0.3717992419862267,-0.513102970664561,-0.0921448053536925,1
31,0.3699121761668354,-0.51519534508475,-0.0879700990480376,1
32,0.3679664625732478,-0.5172769072005766,-0.083816965456503,1
33,0.3659624096888791,-0.5193473269905042,-0.0796860630381953,1
34,0.3639003352465551,-0.5214062761995573,-0.075578046727577,1
35,0.3617805661781373,-0.5234534283913647,-0.0714935678306298,1
36,0.3596034385626888,-0.5254884589999156,-0.0674332739215927,1
37,0.3573692975731914,-0.5275110453810167,-0.063397808740293,1
38,0.3550784974218194,-0.5295208668634466,-0.0593878120900839,1
39,0.3527314013037815,-0.5315176047997963,-0.0554039197364072,1
40,0.3503283813397378,-0.5335009426169893,-0.0514467633059954,1
41,0.3478698185168017,-0.5354705658664729,-0.0475169701867306,1
42,0.3453561026281366,-0.5374261622740724,-0.0436151634281753,1
43,0.3427876322111556,-0.5393674217895,-0.0397419616427908,1
44,0.340164814484336,-0.5412940366355131,-0.0358979789078591,1
45,0.3374880652826561,-0.5432057013567095,-0.032083824668124,1
46,0.3347578089916672,-0.545102112867957,-0.0283001036391666,1
47,0.3319744784802086,-0.5469829705024452,-0.0245474157115309,1
48,0.3291385150317796,-0.548847976059355,-0.0208263558556136,1
49,0.3262503682745744,-0.5506968338511377,-0.0171375140273345,1
50,0.3233104961101974,-0.5525292507503932,-0.0134814750746024,1
51,0.3203193646410641,-0.5543449362363456,-0.0098588186445897,1
52,0.3172774480965032,-0.5561436024409028,-0.0062701190918322,1
53,0.31418522875757,-0.5579249641942967,-0.0027159453871685,1
54,0.3110431968805825,-0.5596887390702961,0.000803138972468,1
55,0.3078518506193944,-0.5614346474309834,0.0042865760533888,1
56,0.3046116959464148,-0.5631624124710896,0.0077338135736078,1
57,0.3013232465723886,-0.5648717602618814,0.0111443049904028,1
58,0.2979870238649506,-0.5665624197945903,0.0145175095869676,1
59,0.294603556765965,-0.5682341230233805,0.0178528925581396,1
60,0.2911733817076639,-0.5698866049078456,0.0211499250951909,1
61,0.2876970425275992,-0.5715196034550296,0.024408084469668,1
62,0.2841750903824195,-0.5731328597609652,0.0276268541162681,1
63,0.2806080836604868,-0.5747261180517208,0.0308057237147379,1
64,0.2769965878933468,-0.5762991257239531,0.0339441892707825,1
65,0.2733411756660668,-0.5778516333849556,0.0370417531959713,1
66,0.2696424265264548,-0.5793833948921989,0.0400979243866277,1
67,0.2659009268931755,-0.580894167392355,0.043112218301692,1
68,0.262117269962776,-0.5823837113598009,0.0460841570395425,1
69,0.2582920556156377,-0.5838517906345942,0.0490132694137644,1
70,0.2544258903208679,-0.5852981724599148,0.0518990910278546,1
71,0.2505193870401471,-0.5867226275189676,0.0547411643488489,1
72,0.2465731651305475,-0.5881249299713397,0.0575390387798623,1
73,0.2425878502463362,-0.5895048574888058,0.0602922707315281,1
74,0.2385640742397811,-0.5908621912905778,0.0630004236923278,1
75,0.2345024750609735,-0.5921967161779912,0.0656630682977972,1
76,0.230403696656685,-0.5935082205686237,0.0682797823986,1
77,0.226268388868272,-0.5947964965298407,0.0708501511274582,1
78,0.2220972073286468,-0.5960613398117619,0.0733737669649263,1
79,0.2178908133583306,-0.5973025498796444,0.0758502298040024,1
80,0.2136498738606037,-0.5985199299456762,0.078279147013563,1
81,0.2093750612157718,-0.5997132870001758,0.0806601335006123,1
82,0.2050670531745628,-0.6008824318421935,0.0829928117713373,1
83,0.2007265327506734,-0.6020271791095081,0.0852768119909575,1
84,0.1963541881124799,-0.6031473473080146,0.0875117720423603,1
85,0.1919507124739332,-0.6042427588405,0.0896973375835129,1
86,0.1875168039846524,-0.6053132400348002,0.0918331621036418,1
87,0.1830531656192369,-0.6063586211713345,0.0939189069781699,1
88,0.1785605050658135,-0.6073787365100145,0.0959542415224041,1
89,0.1740395346138351,-0.6083734243165209,0.0979388430439639,1
90,0.1694909710411517,-0.6093425268879453,0.0998723968939421,1
91,0.1649155355003676,-0.6102858905777946,0.1017545965167917,1
92,0.1603139534045075,-0.6112033658203494,0.1035851434989279,1
93,0.1556869543120043,-0.6120948071543779,0.105363747616041,1
94,0.1510352718110326,-0.6129600732461975,0.1070901268791093,1
95,0.146359643403201,-0.6137990269120828,0.1087640075791072,1
96,0.1416608103866248,-0.6146115351400155,0.1103851243304012,1
97,0.1369395177383974,-0.6153974691107728,0.1119532201128246,1
98,0.1321965139964771,-0.6161567042183507,0.113468046312427,1
99,0.1274325511410106,-0.6168891200897202,0.1149293627608912,1
100,0.1226483844751098,-0.6175946006039114,0.1163369377736103,1
101,0.1178447725051025,-0.6182730339104241,0.1176905481864204,1
102,0.1130224768202749,-0.6189243124469614,0.1189899793909821,1
103,0.1081822619721248,-0.619548332956483,0.1202350253688059,1
104,0.1033248953531466,-0.6201449965035756,0.1214254887239146,1
105,0.0984511470751638,-0.6207142084901394,0.1225611807141406,1
106,0.0935617898472329,-0.6212558786703858,0.1236419212810491,1
107,0.0886575988531328,-0.6217699211651454,0.124667539078486,1
108,0.0837393516284641,-0.6222562544754839,0.1256378714997441,1
109,0.0788078279373743,-0.6227148014956232,0.126552764703343,1
110,0.0738638096489297,-0.6231454895251664,0.1274120736374205,1
111,0.0689080806131548,-0.6235482502806233,0.1282156620627296,1
112,0.0639414265367553,-0.6239230199062378,0.1289634025742387,1
113,0.0589646348585494,-0.6242697389841105,0.1296551766213307,1
114,0.0539784946246225,-0.6245883525436201,0.1302908745265995,1
115,0.0489837963632281,-0.6248788100701383,0.1308703955032375,1
116,0.0439813319594533,-0.6251410655130386,0.1313936476710161,1
117,0.0389718945296689,-0.6253750772929977,0.1318605480708521,1
118,0.0339562782957856,-0.6255808083085874,0.1322710226779606,1
119,0.0289352784593329,-0.625758225942157,0.1326250064135917,1
120,0.0239096910753846,-0.6259073020650047,0.1329224431553478,1
121,0.0188803129263475,-0.6260280130418371,0.1331632857460819,1
122,0.0138479413956361,-0.6261203397345166,0.133347496001374,1
123,0.0088133743412508,-0.6261842675050959,0.1334750447155852,1
124,0.0037774099692814,-0.626219786218138,0.1335459116664881,1
125,-0.0012591532926438,-0.6262268902423241,0.1335600856184725,1
126,-0.0062955169219462,-0.6262055784513457,0.1335175643243275,1
127,-0.0113308824276974,-0.6261558542240835,0.1334183545255972,1
128,-0.016364451477217,-0.6260777254440716,0.133262471951512,1
129,-0.0213954260226437,-0.6259712044982475,0.133049941316495,1
130,-0.0264230084274621,-0.6258363082749885,0.1327807963162434,1
131,-0.0314464015929647,-0.625673058161434,0.1324550796223864,1
132,-0.036464809084627,-0.6254814800400945,0.1320728428757197,1
133,-0.041477435258379,-0.6252616042847481,0.131634146678018,1
134,-0.0464834853867505,-0.6250134657556252,0.1311390605824273,1
135,-0.0514821657848712,-0.6247371037938814,0.1305876630824372,1
136,-0.0564726839363058,-0.6244325622153596,0.1299800415994361,1
137,-0.0614542486187032,-0.6240998893036444,0.1293162924688512,1
138,-0.0664260700292415,-0.6237391378024056,0.1285965209248751,1
139,-0.0713873599098469,-0.6233503649070374,0.127820841083781,1
140,-0.0763373316721686,-0.622933632255589,0.1269893759258305,1
141,-0.081275200522288,-0.6224890059189929,0.1261022572757754,1
142,-0.0862001835851447,-0.6220165563905897,0.1251596257819577,1
143,-0.0911115000286568,-0.6215163585749514,0.1241616308940104,1
144,-0.0960083711875185,-0.6209884917760059,0.1231084308391633,1
145,-0.1008900206866536,-0.6204330396844637,0.1220001925971564,1
146,-0.1057556745643056,-0.6198500903645491,0.1208370918737662,1
147,-0.1106045613947464,-0.6192397362400379,0.1196193130729485,1
148,-0.1154359124105811,-0.6186020740796044,0.1183470492676021,1
149,-0.1202489616246332,-0.6179372049814791,0.1170205021689577,1
150,-0.1250429459513874,-0.6172452343574195,0.1156398820945982,1
151,-0.1298171053279737,-0.6165262719159987,0.1142054079351133,1
152,-0.1345706828346714,-0.6157804316452108,0.1127173071193956,1
153,-0.1393029248149147,-0.6150078317943984,0.1111758155785828,1
154,-0.1440130809947822,-0.6142085948555059,0.1095811777086524,1
155,-0.1487004046019482,-0.6133828475436578,0.1079336463316732,1
156,-0.1533641524840802,-0.6125307207770694,0.1062334826557222,1
157,-0.1580035852266624,-0.6116523496562899,0.1044809562334712,1
158,-0.1626179672702256,-0.6107478734427831,0.1026763449194501,1
159,-0.1672065670269671,-0.6098174355368485,0.1008199348259951,1
160,-0.1717686569967405,-0.6088611834548849,0.0989120202778864,1
161,-0.1763035138823965,-0.6078792688060035,0.0969529037656848,1
162,-0.180810418704459,-0.6068718472679901,0.0949428958977732,1
163,-0.1852886569151154,-0.6058390785626241,0.092882315351111,1
164,-0.1897375185115051,-0.6047811264303542,0.0907714888207094,1
165,-0.1941562981482858,-0.6036981586043393,0.0886107509678363,1
166,-0.1985442952494641,-0.6025903467838546,0.086400444366956,1
167,-0.2029008141194678,-0.6014578666070695,0.0841409194514167,1
168,-0.2072251640534442,-0.6003008976232014,0.0818325344578908,1
169,-0.2115166594467695,-0.5991196232640484,0.0794756553695781,1
170,-0.215774619903747,-0.5979142308149082,0.0770706558581807,1
171,-0.2199983703454812,-0.5966849113848836,0.0746179172246598,1
172,-0.2241872411169072,-0.5954318598765838,0.0721178283387819,1
173,-0.2283405680929628,-0.5941552749552236,0.0695707855774654,1
174,-0.232457692783881,-0.5928553590171258,0.0669771927619366,1
175,-0.2365379624395909,-0.5915323181576324,0.064337461093707,1
176,-0.2405807301532079,-0.5901863621384288,0.0616520090893778,1
177,-0.2445853549635979,-0.5888177043542876,0.0589212625142872,1
178,-0.2485512019569984,-0.5874265617992356,0.056145654315007,1
179,-0.2524776423676804,-0.5860131550321506,0.053325624550701,1
180,-0.2563640536776374,-0.5845777081417927,0.0504616203233559,1
181,-0.2602098197152815,-0.5831204487112762,0.0475540957068952,1
182,-0.2640143307531349,-0.5816416077819877,0.0446035116751883,1
183,-0.267776983604499,-0.580141419816955,0.0416103360289653,1
184,-0.271497181719087,-0.5786201226636747,0.0385750433216491,1
185,-0.275174335277604,-0.5770779575164021,0.0354981147841177,1
186,-0.2788078612852594,-0.5755151688779117,0.0323800382484072,1
187,-0.2823971836641987,-0.5739320045207319,0.0292213080703687,1
188,-0.2859417333448374,-0.572328715447862,0.0260224250512899,1
189,-0.2894409483560843,-0.5707055558529773,0.0227838963584961,1
190,-0.2928942739144392,-0.5690627830801273,0.0195062354449412,1
191,-0.2963011625119512,-0.5674006575829353,0.0161899619678019,1
192,-0.2996610740030236,-0.565719442883305,0.012835601706089,1
193,-0.3029734756900508,-0.5640194055296404,0.0094436864772878,1
194,-0.3062378424078757,-0.562300815054585,0.0060147540530401,1
195,-0.3094536566070514,-0.5605639439322898,0.0025493480738843,1
196,-0.3126204084358961,-0.5588090675352135,-0.0009519820369367,1
197,-0.3157375958213287,-0.5570364640904631,-0.0044886811605844,1
198,-0.3188047245484686,-0.555246414635683,-0.0080601885706347,1
199,-0.3218213083389919,-0.5534392029744972,-0.0116659380219802,1
200,-0.3247868689282282,-0.5516151156315143,-0.0153053578406035,1
201,-0.3277009361409873,-0.5497744418068999,-0.0189778710142152,1
202,-0.3305630479661031,-0.5479174733305253,-0.0226828952837356,1
203,-0.3333727506296831,-0.5460445046156999,-0.0264198432356085,1
204,-0.336129598667052,-0.5441558326124926,-0.0301881223949338,1
205,-0.3388331549933787,-0.5422517567606524,-0.033987135319401,1
206,-0.3414829909729727,-0.5403325789421335,-0.0378162796940108,1
207,-0.3440786864872432,-0.5383986034332334,-0.0416749484265688,1
208,-0.3466198300013065,-0.5364501368563513,-0.0455625297439379,1
209,-0.3491060186292329,-0.5344874881313746,-0.0494784072890315,1
210,-0.3515368581979223,-0.5325109684267013,-0.0534219602185334,1
211,-0.3539119633095982,-0.5305208911099057,-0.0573925633013304,1
212,-0.3562309574029111,-0.5285175716980554,-0.061389587017639,1
213,-0.3584934728126402,-0.5265013278076875,-0.0654123976588132,1
214,-0.3606991508279849,-0.5244724791044528,-0.0694603574278151,1
215,-0.3628476417494366,-0.5224313472524335,-0.0735328245403356,1
216,-0.3649386049442222,-0.5203782558631448,-0.0776291533265456,1
217,-0.3669717089003093,-0.5183135304442289,-0.0817486943334633,1
218,-0.368946631278966,-0.5162374983478466,-0.0858907944279228,1
219,-0.3708630589658666,-0.5141504887187772,-0.0900547969001246,1
220,-0.3727206881207334,-0.5120528324422344,-0.0942400415677541,1
221,-0.3745192242255098,-0.5099448620914061,-0.0984458648806495,1
222,-0.3762583821310548,-0.5078269118747263,-0.1026716000260055,1
223,-0.3779378861023514,-0.5056993175828883,-0.1069165770340927,1
224,-0.3795574698622236,-0.5035624165356065,-0.1111801228844776,1
225,-0.381116876633553,-0.5014165475281359,-0.1154615616127276,1
226,-0.3826158591799897,-0.4992620507775582,-0.1197602144175816,1
227,-0.3840541798451505,-0.4970992678688415,-0.1240753997685701,1
228,-0.3854316105902979,-0.4949285417006842,-0.1284064335140689,1
229,-0.3867479330304951,-0.4927502164311494,-0.1327526289897683,1
230,-0.388002938469229,-0.490564637423101,-0.1371132971275401,1
231,-0.3891964279314987,-0.4883721511894479,-0.1414877465646857,1
232,-0.3903282121953619,-0.4861731053382058,-0.1458752837535488,1
233,-0.3913981118219348,-0.4839678485173858,-0.1502752130714738,1
234,-0.3924059571838418,-0.4817567303597181,-0.1546868369310936,1
235,-0.3933515884921085,-0.4795401014272193,-0.1591094558909279,1
236,-0.3942348558214958,-0.4773183131556126,-0.1635423687662771,1
237,-0.3950556191342699,-0.4750917177986088,-0.1679848727403919,1
238,-0.3958137483024043,-0.4728606683720595,-0.1724362634759001,1
239,-0.3965091231282113,-0.4706255185979867,-0.1768958352264773,1
240,-0.3971416333633983,-0.4683866228485027,-0.1813628809487389,1
241,-0.3977111787265479,-0.4661443360896261,-0.1858366924143388,1
242,-0.398217668919016,-0.4638990138250033,-0.1903165603222545,1
243,-0.398661023639249,-0.4616510120395455,-0.1948017744112447,1
244,-0.3990411725955152,-0.4594006871429889,-0.199291623572457,1
245,-0.3993580555170485,-0.4571483959133876,-0.2037853959621706,1
246,-0.3996116221636049,-0.4548944954405481,-0.2082823791146561,1
247,-0.3998018323334275,-0.452639343069415,-0.2127818600551334,1
248,-0.3999286558696199,-0.4503832963434147,-0.2172831254128103,1
249,-0.3999920726649281,-0.4481267129477695,-0.2217854615339836,1
250,-0.3999920726649281,-0.4458699506527884,-0.2262881545951862,1
251,-0.3999286558696199,-0.4436133672571432,-0.2307904907163596,1
252,-0.3998018323334275,-0.4413573205311429,-0.2352917560740364,1
253,-0.3996116221636049,-0.4391021681600098,-0.2397912370145137,1
254,-0.3993580555170485,-0.4368482676871704,-0.2442882201669993,1
255,-0.3990411725955152,-0.434595976457569,-0.248781992556713,1
256,-0.398661023639249,-0.4323456515610124,-0.2532718417179251,1
257,-0.398217668919016,-0.4300976497755547,-0.2577570558069153,1
258,-0.3977111787265479,-0.4278523275109318,-0.2622369237148311,1
259,-0.3971416333633984,-0.4256100407520552,-0.2667107351804308,1
260,-0.3965091231282113,-0.4233711450025712,-0.2711777809026925,1
261,-0.3958137483024044,-0.4211359952284984,-0.2756373526532698,1
262,-0.3950556191342699,-0.418904945801949,-0.2800887433887781,1
263,-0.3942348558214958,-0.4166783504449454,-0.2845312473628927,1
264,-0.3933515884921085,-0.4144565621733386,-0.288964160238242,1
265,-0.3924059571838418,-0.4122399332408398,-0.2933867791980764,1
266,-0.3913981118219349,-0.4100288150831721,-0.297798403057696,1
267,-0.3903282121953619,-0.4078235582623521,-0.3021983323756211,1
268,-0.3891964279314988,-0.40562451241111,-0.3065858695644842,1
269,-0.388002938469229,-0.4034320261774569,-0.3109603190016298,1
270,-0.3867479330304952,-0.4012464471694085,-0.3153209871394015,1
271,-0.385431610590298,-0.3990681218998738,-0.3196671826151009,1
272,-0.3840541798451505,-0.3968973957317163,-0.3239982163605999,1
273,-0.3826158591799897,-0.3947346128229997,-0.3283134017115883,1
274,-0.3811168766335531,-0.392580116072422,-0.3326120545164422,1
275,-0.3795574698622237,-0.3904342470649515,-0.3368934932446923,1
276,-0.3779378861023515,-0.3882973460176696,-0.3411570390950773,1
277,-0.3762583821310549,-0.3861697517258316,-0.3454020161031643,1
278,-0.3745192242255099,-0.3840518015091518,-0.3496277512485203,1
279,-0.3727206881207334,-0.3819438311583235,-0.3538335745614158,1
280,-0.3708630589658666,-0.3798461748817807,-0.3580188192290452,1
281,-0.3689466312789661,-0.3777591652527113,-0.362182821701247,1
282,-0.3669717089003094,-0.375683133156329,-0.3663249217957066,1
283,-0.3649386049442222,-0.3736184077374131,-0.3704444628026244,1
284,-0.3628476417494367,-0.3715653163481245,-0.3745407915888342,1
285,-0.360699150827985,-0.3695241844961051,-0.3786132587013547,1
286,-0.3584934728126403,-0.3674953357928703,-0.3826612184703568,1
287,-0.3562309574029112,-0.3654790919025026,-0.3866840291115309,1
288,-0.3539119633095983,-0.3634757724906522,-0.3906810528278395,1
289,-0.3515368581979224,-0.3614856951738566,-0.3946516559106364,1
290,-0.349106018629233,-0.3595091754691832,-0.3985952088401384,1
291,-0.3466198300013066,-0.3575465267442065,-0.4025110863852319,1
292,-0.3440786864872434,-0.3555980601673245,-0.406398667702601,1
293,-0.3414829909729728,-0.3536640846584243,-0.4102573364351592,1
294,-0.3388331549933788,-0.3517449068399055,-0.4140864808097688,1
295,-0.3361295986670522,-0.3498408309880654,-0.417885493734236,1
296,-0.3333727506296832,-0.3479521589848581,-0.4216537728935614,1
297,-0.3305630479661032,-0.3460791902700326,-0.4253907208454344,1
298,-0.3277009361409875,-0.344222221793658,-0.4290957451149546,1
299,-0.3247868689282283,-0.3423815479690436,-0.4327682582885663,1
300,-0.321821308338992,-0.3405574606260606,-0.4364076781071898,1
301,-0.3188047245484687,-0.3387502489648749,-0.4400134275585351,1
302,-0.3157375958213289,-0.3369601995100948,-0.4435849349685855,1
303,-0.3126204084358963,-0.3351875960653444,-0.4471216340922331,1
304,-0.3094536566070514,-0.3334327196682681,-0.4506229642030543,1
305,-0.3062378424078759,-0.331695848545973,-0.4540883701822101,1
306,-0.302973475690051,-0.3299772580709176,-0.4575173026064578,1
307,-0.2996610740030237,-0.3282772207172528,-0.4609092178352592,1
308,-0.2963011625119514,-0.3265960060176227,-0.4642635780969719,1
309,-0.2928942739144394,-0.3249338805204307,-0.4675798515741111,1
310,-0.2894409483560845,-0.3232911077475806,-0.470857512487666,1
311,-0.2859417333448376,-0.3216679481526958,-0.4740960411804599,1
312,-0.2823971836641989,-0.320064659079826,-0.4772949241995387,1
313,-0.2788078612852596,-0.3184814947226462,-0.4804536543775772,1
314,-0.2751743352776041,-0.3169187060841558,-0.4835717309132877,1
315,-0.2714971817190872,-0.3153765409368833,-0.4866486594508191,1
316,-0.2677769836044992,-0.3138552437836029,-0.4896839521581353,1
317,-0.2640143307531351,-0.3123550558185702,-0.4926771278043583,1
318,-0.2602098197152818,-0.3108762148892817,-0.4956277118360651,1
319,-0.2563640536776376,-0.3094189554587653,-0.4985352364525259,1
320,-0.2524776423676805,-0.3079835085684073,-0.5013992406798712,1
321,-0.2485512019569986,-0.3065701018013224,-0.504219270444177,1
322,-0.2445853549635981,-0.3051789592462703,-0.5069948786434573,1
323,-0.240580730153208,-0.303810301462129,-0.5097256252185479,1
324,-0.2365379624395911,-0.3024643454429255,-0.5124110772228769,1
325,-0.2324576927838811,-0.301141304583432,-0.5150508088911068,1
326,-0.2283405680929632,-0.2998413886453344,-0.5176444017066353,1
327,-0.2241872411169074,-0.2985648037239742,-0.520191444467952,1
328,-0.2199983703454812,-0.2973117522156744,-0.5226915333538299,1
329,-0.2157746199037474,-0.2960824327856497,-0.5251442719873507,1
330,-0.2115166594467697,-0.2948770403365094,-0.5275492714987481,1
331,-0.2072251640534443,-0.2936957659773566,-0.5299061505870609,1
332,-0.202900814119468,-0.2925387969934884,-0.5322145355805867,1
333,-0.1985442952494644,-0.2914063168167033,-0.534474060496126,1
334,-0.1941562981482859,-0.2902985049962185,-0.5366843670970064,1
335,-0.1897375185115053,-0.2892155371702037,-0.5388451049498795,1
336,-0.1852886569151157,-0.2881575850379338,-0.540955931480281,1
337,-0.1808104187044591,-0.2871248163325677,-0.5430165120269433,1
338,-0.1763035138823967,-0.2861173947945544,-0.5450265198948548,1
339,-0.1717686569967406,-0.2851354801456729,-0.5469856364070566,1
340,-0.1672065670269675,-0.2841792280637094,-0.5488935509551651,1
341,-0.1626179672702258,-0.2832487901577747,-0.5507499610486202,1
342,-0.1580035852266625,-0.282344313944268,-0.5525545723626413,1
343,-0.1533641524840806,-0.2814659428234886,-0.5543070987848923,1
344,-0.1487004046019484,-0.2806138160569,-0.5560072624608433,1
345,-0.1440130809947823,-0.2797880687450519,-0.5576547938378225,1
346,-0.1393029248149151,-0.2789888318061594,-0.5592494317077529,1
347,-0.1345706828346715,-0.2782162319553471,-0.5607909232485657,1
348,-0.1298171053279738,-0.277470391684559,-0.5622790240642835,1
349,-0.1250429459513877,-0.2767514292431383,-0.5637134982237684,1
350,-0.1202489616246334,-0.2760594586190789,-0.5650941182981278,1
351,-0.1154359124105812,-0.2753945895209534,-0.5664206653967722,1
352,-0.1106045613947467,-0.27475692736052,-0.5676929292021186,1
353,-0.1057556745643058,-0.2741465732360088,-0.5689107080029363,1
354,-0.1008900206866539,-0.2735636239160942,-0.5700738087263265,1
355,-0.0960083711875188,-0.2730081718245519,-0.5711820469683335,1
356,-0.0911115000286569,-0.2724803050256065,-0.5722352470231805,1
357,-0.086200183585145,-0.2719801072099682,-0.5732332419111277,1
358,-0.0812752005222882,-0.2715076576815649,-0.5741758734049455,1
359,-0.0763373316721687,-0.2710630313449688,-0.5750629920550007,1
360,-0.0713873599098472,-0.2706462986935204,-0.5758944572129512,1
361,-0.0664260700292417,-0.2702575257981522,-0.5766701370540452,1
362,-0.0614542486187033,-0.2698967742969135,-0.5773899085980214,1
363,-0.0564726839363061,-0.2695641013851982,-0.5780536577286062,1
364,-0.0514821657848714,-0.2692595598066765,-0.5786612792116074,1
365,-0.0464834853867506,-0.2689831978449326,-0.5792126767115975,1
366,-0.0414774352583793,-0.2687350593158097,-0.5797077628071882,1
367,-0.0364648090846272,-0.2685151835604633,-0.5801464590048898,1
368,-0.0314464015929651,-0.2683236054391238,-0.5805286957515566,1
369,-0.0264230084274624,-0.2681603553255693,-0.5808544124454136,1
370,-0.0213954260226438,-0.2680254591023103,-0.5811235574456651,1
371,-0.0163644514772174,-0.2679189381564862,-0.5813360880806822,1
372,-0.0113308824276977,-0.2678408093764743,-0.5814919706547673,1
373,-0.0062955169219463,-0.2677910851492121,-0.5815911804534977,1
374,-0.0012591532926441,-0.2677697733582337,-0.5816337017476427,1
375,0.0037774099692812,-0.2677768773824198,-0.5816195277956583,1
376,0.0088133743412507,-0.267812396095462,-0.5815486608447554,1
377,0.0138479413956358,-0.2678763238660412,-0.5814211121305441,1
378,0.0188803129263473,-0.2679686505587207,-0.5812369018752521,1
379,0.0239096910753845,-0.2680893615355532,-0.5809960592845179,1
380,0.0289352784593326,-0.2682384376584008,-0.5806986225427618,1
381,0.0339562782957854,-0.2684158552919705,-0.5803446388071308,1
382,0.0389718945296685,-0.2686215863075601,-0.5799341642000223,1
383,0.043981331959453,-0.2688555980875192,-0.5794672638001863,1
384,0.048983796363228,-0.2691178535304195,-0.5789440116324077,1
385,0.0539784946246221,-0.2694083110569377,-0.5783644906557697,1
386,0.0589646348585491,-0.2697269246164473,-0.5777287927505009,1
387,0.0639414265367552,-0.2700736436943201,-0.5770370187034088,1
388,0.0689080806131544,-0.2704484133199345,-0.5762892781918998,1
389,0.0738638096489296,-0.2708511740753915,-0.5754856897665906,1
390,0.0788078279373742,-0.2712818621049345,-0.5746263808325132,1
391,0.0837393516284638,-0.2717404091250739,-0.5737114876289143,1
392,0.0886575988531326,-0.2722267424354124,-0.5727411552076562,1
393,0.0935617898472328,-0.272740784930172,-0.5717155374102193,1
394,0.0984511470751636,-0.2732824551104185,-0.5706347968433109,1
395,0.1033248953531464,-0.2738516670969823,-0.5694991048530849,1
396,0.1081822619721245,-0.2744483306440748,-0.5683086414979761,1
397,0.1130224768202746,-0.2750723511535963,-0.5670635955201524,1
398,0.1178447725051024,-0.2757236296901337,-0.5657641643155906,1
399,0.1226483844751094,-0.2764020629966465,-0.5644105539027805,1
400,0.1274325511410103,-0.2771075435108376,-0.5630029788900615,1
401,0.132196513996477,-0.2778399593822071,-0.5615416624415972,1
402,0.1369395177383971,-0.278599194489785,-0.5600268362419949,1
403,0.1416608103866246,-0.2793851284605423,-0.5584587404595716,1
404,0.1463596434032009,-0.2801976366884751,-0.5568376237082774,1
405,0.1510352718110323,-0.2810365903543603,-0.5551637430082795,1
406,0.1556869543120041,-0.2819018564461799,-0.5534373637452112,1
407,0.1603139534045073,-0.2827932977802084,-0.5516587596280982,1
408,0.1649155355003674,-0.2837107730227632,-0.5498282126459619,1
409,0.1694909710411515,-0.2846541367126125,-0.5479460130231124,1
410,0.1740395346138348,-0.285623239284037,-0.5460124591731342,1
411,0.1785605050658132,-0.2866179270905432,-0.5440278576515744,1
412,0.1830531656192368,-0.2876380424292232,-0.5419925231073401,1
413,0.1875168039846521,-0.2886834235657576,-0.5399067782328121,1
414,0.191950712473933,-0.2897539047600578,-0.5377709537126831,1
415,0.1963541881124798,-0.2908493162925432,-0.5355853881715305,1
416,0.2007265327506731,-0.2919694844910497,-0.5333504281201278,1
417,0.2050670531745627,-0.2931142317583642,-0.5310664279005075,1
418,0.2093750612157717,-0.294283376600382,-0.5287337496297825,1
419,0.2136498738606035,-0.2954767336548817,-0.5263527631427333,1
420,0.2178908133583305,-0.2966941137209133,-0.5239238459331728,1
421,0.2220972073286468,-0.2979353237887959,-0.5214473830940964,1
422,0.2262683888682717,-0.2992001670707171,-0.5189237672566285,1
423,0.2304036966566849,-0.3004884430319341,-0.5163533985277703,1
424,0.2345024750609732,-0.3017999474225665,-0.5137366844269676,1
425,0.2385640742397808,-0.3031344723099799,-0.5110740398214982,1
426,0.2425878502463361,-0.304491806111752,-0.5083658868606984,1
427,0.2465731651305473,-0.305871733629218,-0.5056126549090326,1
428,0.250519387040147,-0.3072740360815901,-0.5028147804780192,1
429,0.2544258903208677,-0.308698491140643,-0.4999727071570248,1
430,0.2582920556156375,-0.3101448729659636,-0.4970868855429348,1
431,0.2621172699627759,-0.3116129522407568,-0.4941577731687128,1
432,0.2659009268931755,-0.3131024962082028,-0.4911858344308623,1
433,0.2696424265264546,-0.3146132687083589,-0.488171540515798,1
434,0.2733411756660666,-0.3161450302156021,-0.4851153693251415,1
435,0.2769965878933467,-0.3176975378766047,-0.4820178053999527,1
436,0.2806080836604866,-0.319270545548837,-0.4788793398439082,1
437,0.2841750903824194,-0.3208638038395927,-0.4757004702454382,1
438,0.287697042527599,-0.3224770601455281,-0.4724817005988383,1
439,0.2911733817076637,-0.3241100586927122,-0.4692235412243613,1
440,0.2946035567659648,-0.3257625405771772,-0.4659265086873099,1
441,0.2979870238649504,-0.3274342438059673,-0.462591125716138,1
442,0.3013232465723885,-0.3291249033386764,-0.4592179211195731,1
443,0.3046116959464147,-0.3308342511294683,-0.455807429702778,1
444,0.3078518506193943,-0.3325620161695744,-0.4523601921825592,1
445,0.3110431968805824,-0.3343079245302616,-0.4488767551016382,1
446,0.3141852287575699,-0.3360716994062611,-0.4453576707420016,1
447,0.3172774480965031,-0.3378530611596549,-0.441803497037338,1
448,0.320319364641064,-0.3396517273642122,-0.4382147974845805,1
449,0.3233104961101973,-0.3414674128501646,-0.4345921410545676,1
450,0.3262503682745742,-0.3432998297494201,-0.4309361021018357,1
451,0.3291385150317795,-0.3451486875412027,-0.4272472602735566,1
452,0.3319744784802085,-0.3470136930981126,-0.4235262004176394,1
453,0.3347578089916669,-0.3488945507326008,-0.4197735124900036,1
454,0.337488065282656,-0.3507909622438482,-0.4159897914610462,1
455,0.3401648144843358,-0.3527026269650446,-0.4121756372213112,1
456,0.3427876322111555,-0.3546292418110577,-0.4083316544863793,1
457,0.3453561026281365,-0.3565705013264855,-0.4044584527009948,1
458,0.3478698185168016,-0.3585260977340847,-0.4005566459424398,1
459,0.3503283813397377,-0.3604957209835684,-0.3966268528231749,1
460,0.3527314013037815,-0.3624790588007616,-0.3926696963927629,1
461,0.3550784974218193,-0.3644757967371112,-0.3886858040390863,1
462,0.3573692975731913,-0.3664856182195412,-0.3846758073888772,1
463,0.3596034385626888,-0.3685082046006423,-0.3806403422075773,1
464,0.3617805661781372,-0.3705432352091931,-0.3765800482985405,1
465,0.3639003352465551,-0.3725903874010006,-0.3724955694015932,1
466,0.3659624096888789,-0.3746493366100534,-0.3683875530909751,1
467,0.3679664625732477,-0.376719756399981,-0.3642566506726673,1
468,0.3699121761668354,-0.3788013185158079,-0.3601035170811326,1
469,0.3717992419862266,-0.3808936929359967,-0.3559288107754779,1
470,0.3736273608463252,-0.3829965479247726,-0.351733193635058,1
471,0.3753962429077879,-0.385109550084717,-0.34751733085454,1
472,0.3771056077229778,-0.3872323644096269,-0.3432818908384382,1
473,0.3787551842804275,-0.3893646543376287,-0.3390275450951416,1
474,0.3803447110478066,-0.3915060818045376,-0.3347549681304509,1
475,0.3818739360133862,-0.3936563072974566,-0.3304648373406383,1
476,0.3833426167259954,-0.3958149899086047,-0.3261578329050488,1
477,0.3847505203334587,-0.3979817873893659,-0.3218346376782621,1
478,0.3860974236195151,-0.400156356204551,-0.3174959370818297,1
479,0.3873831130392077,-0.402338351586864,-0.3131424189956024,1
480,0.3886073847527396,-0.404527427591562,-0.3087747736486737,1
481,0.3897700446577927,-0.4067232371513051,-0.3043936935099436,1
482,0.3908709084203006,-0.4089254321311799,-0.2999998731783344,1
483,0.3919098015036744,-0.4111336633838963,-0.2955940092726635,1
484,0.3928865591964751,-0.4133475808051426,-0.2911768003211978,1
485,0.3938010266385267,-0.4155668333890926,-0.2867489466509066,1
486,0.3946530588454693,-0.4177910692840558,-0.2823111502764278,1
487,0.3954425207317458,-0.4200199358482626,-0.2778641147887652,1
488,0.3961692871320185,-0.4222530797057727,-0.2734085452437406,1
489,0.3968332428210135,-0.4244901468025022,-0.2689451480502086,1
490,0.3974342825317898,-0.4267307824623567,-0.2644746308580584,1
491,0.3979723109724279,-0.4289746314434632,-0.2599977024460215,1
492,0.3984472428411387,-0.4312213379944926,-0.2555150726092969,1
493,0.3988590028397869,-0.4334705459110618,-0.2510274520470159,1
494,0.3992075256858301,-0.4357218985922083,-0.2465355522495662,1
495,0.3994927561226681,-0.4379750390969281,-0.2420400853857862,1
496,0.3997146489284042,-0.4402296102007659,-0.2375417641900561,1
497,0.3998731689230144,-0.442485254452452,-0.2330413018492969,1
498,0.3999682909739257,-0.4447416142305748,-0.2285394118898962,1
499,0.4,-0.4469983318002788,-0.2240368080645851,1
500,-0.1,-0.5,-0.2,2
501,-0.1000203830207893,-0.4965029445234479,-0.2,2
502,-0.1000815293133739,-0.4930063642505923,-0.2,2
503,-0.1001834305687792,-0.4895107343205558,-0.2,2
504,-0.1003260729399693,-0.4860165297433221,-0.2,2
505,-0.100509437043728,-0.4825242253351881,-0.2,2
506,-0.1007334979632931,-0.4790342956542427,-0.2,2
507,-0.100998225251742,-0.475547214935881,-0.2,2
508,-0.1013035829361292,-0.4720634570283614,-0.2,2
509,-0.1016495295223747,-0.4685834953284163,-0.2,2
510,-0.1020360180009019,-0.4651078027169236,-0.2,2
511,-0.1024629958530262,-0.4616368514946482,-0.2,2
512,-0.1029304050580913,-0.458171113318063,-0.2,2
513,-0.1034381821013538,-0.4547110591352567,-0.2,2
514,-0.1039862579826133,-0.4512571591219382,-0.2,2
515,-0.1045745582255894,-0.4478098826175461,-0.2,2
516,-0.1052030028880414,-0.4443696980614713,-0.2,2
517,-0.1058715065726319,-0.4409370729294029,-0.2,2
518,-0.1065799784385309,-0.4375124736698034,-0.2,2
519,-0.1073283222137599,-0.4340963656405256,-0.2,2
520,-0.1081164362082742,-0.4306892130455763,-0.2,2
521,-0.1089442133277807,-0.4272914788720363,-0.2,2
522,-0.1098115410882912,-0.4239036248271478,-0.2,2
523,-0.1107183016314072,-0.4205261112755735,-0.2,2
524,-0.1116643717403355,-0.4171593971768398,-0.2,2
525,-0.1126496228566313,-0.4138039400229699,-0.2,2
526,-0.1136739210976681,-0.4104601957763163,-0.2,2
527,-0.1147371272748302,-0.4071286188076025,-0.2,2
528,-0.115839096912427,-0.4038096618341794,-0.2,2
529,-0.1169796802673248,-0.4005037758585066,-0.2,2
530,-0.1181587223492954,-0.3972114101068681,-0.2,2
531,-0.1193760629420771,-0.3939330119683276,-0.2,2
532,-0.1206315366251458,-0.3906690269339346,-0.2,2
533,-0.1219249727961935,-0.3874198985361877,-0.2,2
534,-0.1232561956943112,-0.3841860682887649,-0.2,2
535,-0.1246250244238721,-0.3809679756265273,-0.2,2
536,-0.1260312729791134,-0.3777660578458056,-0.2,2
537,-0.1274747502694114,-0.3745807500449779,-0.2,2
538,-0.1289552601452486,-0.3714124850653449,-0.2,2
539,-0.1304726014248678,-0.3682616934323132,-0.2,2
540,-0.1320265679216101,-0.3651288032968915,-0.2,2
541,-0.1336169484719327,-0.3620142403775118,-0.2,2
542,-0.1352435269641036,-0.358918427902179,-0.2,2
543,-0.1369060823675679,-0.3558417865509599,-0.2,2
544,-0.1386043887629832,-0.3527847343988186,-0.2,2
545,-0.1403382153729191,-0.3497476868588058,-0.2,2
546,-0.1421073265932168,-0.3467310566256091,-0.2,2
547,-0.1439114820250042,-0.3437352536194735,-0.2,2
548,-0.1457504365073638,-0.3407606849304986,-0.2,2
549,-0.1476239401506456,-0.3378077547633207,-0.2,2
550,-0.1495317383704252,-0.3348768643821864,-0.2,2
551,-0.1514735719220972,-0.3319684120564261,-0.2,2
552,-0.153449176936104,-0.3290827930063346,-0.2,2
553,-0.1554582849537918,-0.3262203993494659,-0.2,2
554,-0.1575006229638906,-0.3233816200473494,-0.2,2
555,-0.159575913439613,-0.3205668408526352,-0.2,2
556,-0.1616838743763662,-0.3177764442566758,-0.2,2
557,-0.163824219330073,-0.3150108094375498,-0.2,2
558,-0.1659966574560953,-0.3122703122085375,-0.2,2
559,-0.1682008935487566,-0.309555324967052,-0.2,2
560,-0.1704366280814563,-0.306866216644036,-0.2,2
561,-0.1727035572473713,-0.3042033526538286,-0.2,2
562,-0.1750013730007395,-0.3015670948445101,-0.2,2
563,-0.177329763098719,-0.2989578014487322,-0.2,2
564,-0.1796884111438181,-0.2963758270350382,-0.2,2
565,-0.1820769966268891,-0.2938215224596827,-0.2,2
566,-0.1844951949706817,-0.2912952348189541,-0.2,2
567,-0.1869426775739485,-0.2887973074020089,-0.2,2
568,-0.1894191118560974,-0.2863280796442237,-0.2,2
569,-0.1919241613023856,-0.2838878870810699,-0.2,2
570,-0.1944574855096467,-0.2814770613025192,-0.2,2
571,-0.1970187402325476,-0.2790959299079847,-0.2,2
572,-0.1996075774303663,-0.2767448164618045,-0.2,2
573,-0.2022236453142868,-0.2744240404492735,-0.2,2
574,-0.2048665883952021,-0.2721339172332299,-0.2,2
575,-0.2075360475320203,-0.2698747580112011,-0.2,2
576,-0.2102316599804675,-0.2676468697731164,-0.2,2
577,-0.2129530594423799,-0.265450555259591,-0.2,2
578,-0.2156998761154789,-0.2632861129207875,-0.2,2
579,-0.2184717367436219,-0.2611538368758604,-0.2,2
580,-0.2212682646675237,-0.2590540168729894,-0.2,2
581,-0.2240890798759389,-0.2569869382500064,-0.2,2
582,-0.2269337990573005,-0.2549528818956216,-0.2,2
583,-0.2298020356518071,-0.2529521242112548,-0.2,2
584,-0.2326933999039512,-0.2509849370734758,-0.2,2
585,-0.2356074989154816,-0.2490515877970601,-0.2,2
586,-0.2385439366987935,-0.2471523390986644,-0.2,2
587,-0.2415023142307377,-0.2452874490611266,-0.2,2
588,-0.2444822295068424,-0.2434571710983962,-0.2,2
589,-0.2474832775959412,-0.2416617539210981,-0.2,2
590,-0.2505050506951964,-0.2399014415027368,-0.2,2
591,-0.2535471381855156,-0.2381764730465431,-0.2,2
592,-0.2566091266873483,-0.2364870829529697,-0.2,2
593,-0.2596906001168593,-0.2348335007878391,-0.2,2
594,-0.2627911397424686,-0.2332159512511492,-0.2,2
595,-0.265910324241752,-0.2316346541465386,-0.2,2
596,-0.2690477297586929,-0.2300898243514193,-0.2,2
597,-0.2722029299612787,-0.2285816717877767,-0.2,2
598,-0.2753754960994341,-0.2271104013936445,-0.2,2
599,-0.2785649970632818,-0.2256762130952562,-0.2,2
600,-0.2817709994417257,-0.224279301779878,-0.2,2
601,-0.2849930675813449,-0.2229198572693256,-0.2,2
602,-0.2882307636455934,-0.2215980642941705,-0.2,2
603,-0.2914836476742967,-0.2203141024686374,-0.2,2
604,-0.2947512776434364,-0.2190681462661968,-0.2,2
605,-0.298033209525215,-0.2178603649958565,-0.2,2
606,-0.3013289973483941,-0.2166909227791549,-0.2,2
607,-0.3046381932588956,-0.2155599785278586,-0.2,2
608,-0.3079603475806591,-0.2144676859223689,-0.2,2
609,-0.3112950088767474,-0.2134141933908385,-0.2,2
610,-0.3146417240106903,-0.2123996440890018,-0.2,2
611,-0.3180000382080601,-0.2114241758807221,-0.2,2
612,-0.3213694951182693,-0.210487921319258,-0.2,2
613,-0.3247496368765832,-0.2095910076292507,-0.2,2
614,-0.3281400041663368,-0.2087335566894361,-0.2,2
615,-0.3315401362813503,-0.2079156850160832,-0.2,2
616,-0.3349495711885333,-0.2071375037471607,-0.2,2
617,-0.3383678455906684,-0.2063991186272352,-0.2,2
618,-0.3417944949893676,-0.2057006299931016,-0.2,2
619,-0.3452290537481915,-0.2050421327601491,-0.2,2
620,-0.3486710551559227,-0.2044237164094627,-0.2,2
621,-0.3521200314899862,-0.2038454649756649,-0.2,2
622,-0.3555755140800067,-0.2033074570354955,-0.2,2
623,-0.3590370333714942,-0.2028097656971347,-0.2,2
624,-0.3625041189896509,-0.2023524585902686,-0.2,2
625,-0.3659762998032887,-0.2019355978568989,-0.2,2
626,-0.3694531039888494,-0.2015592401428987,-0.2,2
627,-0.3729340590945197,-0.2012234365903157,-0.2,2
628,-0.3764186921044311,-0.2009282328304218,-0.2,2
629,-0.3799065295029363,-0.2006736689775127,-0.2,2
630,-0.383397097338954,-0.2004597796234572,-0.2,2
631,-0.3868899212903725,-0.2002865938329962,-0.2,2
632,-0.3903845267285035,-0.2001541351397936,-0.2,2
633,-0.3938804387825784,-0.200062421543238,-0.2,2
634,-0.3973771824042768,-0.2000114655059971,-0.2,2
635,-0.400874282432279,-0.2000012739523239,-0.2,2
636,-0.4043712636568347,-0.2000318482671161,-0.2,2
637,-0.4078676508843371,-0.2001031842957278,-0.2,2
638,-0.4113629690018958,-0.2002152723445339,-0.2,2
639,-0.4148567430418985,-0.2003680971822476,-0.2,2
640,-0.4183484982465528,-0.2005616380419899,-0.2,2
641,-0.421837760132399,-0.2007958686241117,-0.2,2
642,-0.4253240545547866,-0.2010707570997675,-0.2,2
643,-0.4288069077723045,-0.2013862661152405,-0.2,2
644,-0.4322858465111558,-0.2017423527970187,-0.2,2
645,-0.4357603980294694,-0.2021389687576202,-0.2,2
646,-0.4392300901815399,-0.2025760601021695,-0.2,2
647,-0.4426944514819856,-0.2030535674357202,-0.2,2
648,-0.4461530111698168,-0.203571425871326,-0.2,2
649,-0.449605299272407,-0.2041295650388587,-0.2,2
650,-0.4530508466693549,-0.2047279090945699,-0.2,2
651,-0.4564891851562325,-0.2053663767313973,-0.2,2
652,-0.4599198475082073,-0.2060448811900136,-0.2,2
653,-0.4633423675435325,-0.2067633302706156,-0.2,2
654,-0.4667562801868943,-0.2075216263454529,-0.2,2
655,-0.4701611215326104,-0.2083196663720944,-0.2,2
656,-0.4735564289076678,-0.2091573419074306,-0.2,2
657,-0.4769417409345943,-0.210034539122409,-0.2,2
658,-0.480316597594154,-0.2109511388175025,-0.2,2
659,-0.4836805402878571,-0.2119070164389068,-0.2,2
660,-0.4870331119002777,-0.2129020420954657,-0.2,2
661,-0.4903738568611703,-0.2139360805763217,-0.2,2
662,-0.4937023212073747,-0.215008991369289,-0.2,2
663,-0.4970180526445045,-0.2161206286799477,-0.2,2
664,-0.5003206006084078,-0.2172708414514549,-0.2,2
665,-0.5036095163263923,-0.2184594733850719,-0.2,2
666,-0.5068843528782084,-0.2196863629614024,-0.2,2
667,-0.5101446652567795,-0.2209513434623417,-0.2,2
668,-0.513390010428672,-0.2222542429937306,-0.2,2
669,-0.5166199473942987,-0.2235948845087143,-0.2,2
670,-0.5198340372478442,-0.2249730858318002,-0.2,2
671,-0.5230318432369063,-0.2263886596836137,-0.2,2
672,-0.5262129308218453,-0.2278414137063464,-0.2,2
673,-0.5293768677348323,-0.2293311504898952,-0.2,2
674,-0.5325232240385879,-0.2308576675986881,-0.2,2
675,-0.5356515721848057,-0.2324207575991919,-0.2,2
676,-0.5387614870722506,-0.2340202080880999,-0.2,2
677,-0.5418525461045237,-0.2356558017211953,-0.2,2
678,-0.5449243292474883,-0.2373273162428845,-0.2,2
679,-0.5479764190863469,-0.2390345245163992,-0.2,2
680,-0.5510084008823615,-0.2407771945546611,-0.2,2
681,-0.5540198626292124,-0.2425550895518061,-0.2,2
682,-0.5570103951089835,-0.244367967915363,-0.2,2
683,-0.5599795919477705,-0.2462155832990826,-0.2,2
684,-0.5629270496709005,-0.2480976846364132,-0.2,2
685,-0.5658523677577598,-0.2500140161746167,-0.2,2
686,-0.5687551486962193,-0.2519643175095226,-0.2,2
687,-0.571634998036651,-0.2539483236209133,-0.2,2
688,-0.574491524445528,-0.2559657649085364,-0.2,2
689,-0.577324339758603,-0.258016367228741,-0.2,2
690,-0.5801330590336528,-0.2600998519317286,-0.2,2
691,-0.5829173006027883,-0.2622159358994191,-0.2,2
692,-0.5856766861243179,-0.2643643315839227,-0.2,2
693,-0.5884108406341582,-0.2665447470466131,-0.2,2
694,-0.5911193925967878,-0.2687568859977991,-0.2,2
695,-0.5938019739557339,-0.2710004478369858,-0.2,2
696,-0.5964582201835855,-0.2732751276937225,-0.2,2
697,-0.5990877703315289,-0.2755806164690304,-0.2,2
698,-0.6016902670783951,-0.2779166008774053,-0.2,2
699,-0.6042653567792154,-0.2802827634893888,-0.2,2
700,-0.6068126895132773,-0.2826787827747028,-0.2,2
701,-0.6093319191316734,-0.2851043331459413,-0.2,2
702,-0.6118227033043393,-0.2875590850028134,-0.2,2
703,-0.614284703566571,-0.2900427047769315,-0.2,2
704,-0.6167175853650186,-0.2925548549771389,-0.2,2
705,-0.6191210181031468,-0.2950951942353708,-0.2,2
706,-0.621494675186159,-0.2976633773530407,-0.2,2
707,-0.6238382340653774,-0.3002590553479499,-0.2,2
708,-0.6261513762820732,-0.302881875501708,-0.2,2
709,-0.6284337875107403,-0.3055314814076635,-0.2,2
710,-0.6306851576018087,-0.3082075130193346,-0.2,2
711,-0.632905180623789,-0.3109096066993348,-0.2,2
712,-0.6350935549048451,-0.3136373952687864,-0.2,2
713,-0.6372499830737877,-0.3163905080572153,-0.2,2
714,-0.6393741721004816,-0.3191685709529203,-0.2,2
715,-0.6414658333356665,-0.3219712064538095,-0.2,2
716,-0.6435246825501795,-0.3247980337186985,-0.2,2
717,-0.6455504399735781,-0.327648668619061,-0.2,2
718,-0.6475428303321579,-0.3305227237912276,-0.2,2
719,-0.6495015828863582,-0.3334198086890229,-0.2,2
720,-0.6514264314675522,-0.3363395296368354,-0.2,2
721,-0.6533171145142156,-0.3392814898831133,-0.2,2
722,-0.6551733751074693,-0.3422452896542776,-0.2,2
723,-0.6569949610059915,-0.3452305262090457,-0.2,2
724,-0.6587816246802942,-0.3482367938931595,-0.2,2
725,-0.6605331233463585,-0.3512636841945075,-0.2,2
726,-0.6622492189986261,-0.3543107857986369,-0.2,2
727,-0.6639296784423414,-0.3573776846446453,-0.2,2
728,-0.6655742733252394,-0.3604639639814465,-0.2,2
729,-0.6671827801685752,-0.3635692044244012,-0.2,2
730,-0.6687549803974928,-0.366692984012306,-0.2,2
731,-0.6702906603707257,-0.3698348782647325,-0.2,2
732,-0.6717896114096287,-0.3729944602397083,-0.2,2
733,-0.6732516298265336,-0.3761713005917326,-0.2,2
734,-0.6746765169524287,-0.3793649676301194,-0.2,2
735,-0.6760640791639545,-0.3825750273776577,-0.2,2
736,-0.677414127909715,-0.3858010436295835,-0.2,2
737,-0.6787264797358992,-0.3890425780128549,-0.2,2
738,-0.68000095631121,-0.3922991900457204,-0.2,2
739,-0.6812373844510973,-0.3955704371975747,-0.2,2
740,-0.6824355961412911,-0.3988558749490931,-0.2,2
741,-0.6835954285606329,-0.4021550568526358,-0.2,2
742,-0.6847167241032006,-0.4054675345929137,-0.2,2
743,-0.6857993303997251,-0.4087928580479095,-0.2,2
744,-0.6868431003382954,-0.4121305753500424,-0.2,2
745,-0.6878478920843492,-0.4154802329475711,-0.2,2
746,-0.6888135690999462,-0.4188413756662261,-0.2,2
747,-0.6897400001623216,-0.4222135467710614,-0.2,2
748,-0.6906270593817183,-0.4255962880285184,-0.2,2
749,-0.6914746262184928,-0.4289891397686951,-0.2,2
750,-0.6922825854994954,-0.4323916409478076,-0.2,2
751,-0.6930508274337206,-0.4358033292108406,-0.2,2
752,-0.6937792476272264,-0.4392237409543758,-0.2,2
753,-0.6944677470973196,-0.4426524113895884,-0.2,2
754,-0.6951162322860069,-0.4460888746054066,-0.2,2
755,-0.6957246150727079,-0.449532663631823,-0.2,2
756,-0.6962928127862292,-0.4529833105033485,-0.2,2
757,-0.6968207482159987,-0.4564403463226038,-0.2,2
758,-0.6973083496225576,-0.4599033013240356,-0.2,2
759,-0.6977555507473083,-0.463371704937752,-0.2,2
760,-0.6981622908215188,-0.4668450858534667,-0.2,2
761,-0.69852851457458,-0.4703229720845435,-0.2,2
762,-0.6988541722415158,-0.4738048910321334,-0.2,2
763,-0.6991392195697463,-0.4772903695493944,-0.2,2
764,-0.699383617825101,-0.4807789340057861,-0.2,2
765,-0.6995873337970813,-0.4842701103514294,-0.2,2
766,-0.6997503398033749,-0.4877634241815243,-0.2,2
767,-0.6998726136936162,-0.4912584008008144,-0.2,2
768,-0.6999541388523971,-0.4947545652880927,-0.2,2
769,-0.6999949042015241,-0.4982514425607361,-0.2,2
770,-0.6999949042015241,-0.5017485574392638,-0.2,2
771,-0.6999541388523971,-0.5052454347119072,-0.2,2
772,-0.6998726136936162,-0.5087415991991855,-0.2,2
773,-0.6997503398033749,-0.5122365758184756,-0.2,2
774,-0.6995873337970813,-0.5157298896485705,-0.2,2
775,-0.699383617825101,-0.5192210659942139,-0.2,2
776,-0.6991392195697463,-0.5227096304506056,-0.2,2
777,-0.6988541722415158,-0.5261951089678665,-0.2,2
778,-0.69852851457458,-0.5296770279154565,-0.2,2
779,-0.6981622908215188,-0.5331549141465333,-0.2,2
780,-0.6977555507473083,-0.536628295062248,-0.2,2
781,-0.6973083496225576,-0.5400966986759644,-0.2,2
782,-0.6968207482159987,-0.5435596536773962,-0.2,2
783,-0.6962928127862292,-0.5470166894966514,-0.2,2
784,-0.695724615072708,-0.5504673363681769,-0.2,2
785,-0.6951162322860069,-0.5539111253945933,-0.2,2
786,-0.6944677470973196,-0.5573475886104117,-0.2,2
787,-0.6937792476272264,-0.5607762590456243,-0.2,2
788,-0.6930508274337206,-0.5641966707891595,-0.2,2
789,-0.6922825854994954,-0.5676083590521924,-0.2,2
790,-0.6914746262184928,-0.5710108602313049,-0.2,2
791,-0.6906270593817183,-0.5744037119714815,-0.2,2
792,-0.6897400001623216,-0.5777864532289387,-0.2,2
793,-0.6888135690999462,-0.581158624333774,-0.2,2
794,-0.6878478920843492,-0.5845197670524289,-0.2,2
795,-0.6868431003382954,-0.5878694246499575,-0.2,2
796,-0.6857993303997252,-0.5912071419520903,-0.2,2
797,-0.6847167241032006,-0.5945324654070862,-0.2,2
798,-0.6835954285606329,-0.5978449431473642,-0.2,2
799,-0.6824355961412911,-0.601144125050907,-0.2,2
800,-0.6812373844510973,-0.6044295628024254,-0.2,2
801,-0.68000095631121,-0.6077008099542796,-0.2,2
802,-0.6787264797358992,-0.610957421987145,-0.2,2
803,-0.677414127909715,-0.6141989563704164,-0.2,2
804,-0.6760640791639545,-0.6174249726223423,-0.2,2
805,-0.6746765169524287,-0.6206350323698806,-0.2,2
806,-0.6732516298265336,-0.6238286994082674,-0.2,2
807,-0.6717896114096287,-0.6270055397602916,-0.2,2
808,-0.6702906603707257,-0.6301651217352674,-0.2,2
809,-0.6687549803974928,-0.6333070159876939,-0.2,2
810,-0.6671827801685752,-0.6364307955755988,-0.2,2
811,-0.6655742733252393,-0.6395360360185536,-0.2,2
812,-0.6639296784423414,-0.6426223153553547,-0.2,2
813,-0.6622492189986262,-0.645689214201363,-0.2,2
814,-0.6605331233463585,-0.6487363158054924,-0.2,2
815,-0.6587816246802942,-0.6517632061068405,-0.2,2
816,-0.6569949610059915,-0.6547694737909543,-0.2,2
817,-0.6551733751074692,-0.6577547103457225,-0.2,2
818,-0.6533171145142156,-0.6607185101168868,-0.2,2
819,-0.6514264314675522,-0.6636604703631646,-0.2,2
820,-0.6495015828863582,-0.666580191310977,-0.2,2
821,-0.6475428303321579,-0.6694772762087723,-0.2,2
822,-0.6455504399735781,-0.672351331380939,-0.2,2
823,-0.6435246825501795,-0.6752019662813016,-0.2,2
824,-0.6414658333356665,-0.6780287935461905,-0.2,2
825,-0.6393741721004818,-0.6808314290470796,-0.2,2
826,-0.6372499830737877,-0.6836094919427845,-0.2,2
827,-0.6350935549048452,-0.6863626047312136,-0.2,2
828,-0.6329051806237889,-0.6890903933006652,-0.2,2
829,-0.6306851576018087,-0.6917924869806654,-0.2,2
830,-0.6284337875107403,-0.6944685185923365,-0.2,2
831,-0.6261513762820733,-0.6971181244982919,-0.2,2
832,-0.6238382340653774,-0.69974094465205,-0.2,2
833,-0.621494675186159,-0.7023366226469592,-0.2,2
834,-0.6191210181031467,-0.7049048057646293,-0.2,2
835,-0.6167175853650186,-0.7074451450228612,-0.2,2
836,-0.614284703566571,-0.7099572952230686,-0.2,2
837,-0.6118227033043393,-0.7124409149971865,-0.2,2
838,-0.6093319191316734,-0.7148956668540586,-0.2,2
839,-0.6068126895132773,-0.7173212172252972,-0.2,2
840,-0.6042653567792154,-0.7197172365106111,-0.2,2
841,-0.601690267078395,-0.7220833991225947,-0.2,2
842,-0.5990877703315288,-0.7244193835309696,-0.2,2
843,-0.5964582201835855,-0.7267248723062775,-0.2,2
844,-0.5938019739557339,-0.7289995521630142,-0.2,2
845,-0.5911193925967877,-0.731243114002201,-0.2,2
846,-0.5884108406341582,-0.7334552529533869,-0.2,2
847,-0.5856766861243179,-0.7356356684160773,-0.2,2
848,-0.5829173006027883,-0.7377840641005808,-0.2,2
849,-0.5801330590336529,-0.7399001480682714,-0.2,2
850,-0.5773243397586029,-0.741983632771259,-0.2,2
851,-0.5744915244455281,-0.7440342350914635,-0.2,2
852,-0.5716349980366511,-0.7460516763790866,-0.2,2
853,-0.5687551486962192,-0.7480356824904775,-0.2,2
854,-0.5658523677577598,-0.7499859838253833,-0.2,2
855,-0.5629270496709005,-0.7519023153635869,-0.2,2
856,-0.5599795919477706,-0.7537844167009173,-0.2,2
857,-0.5570103951089835,-0.755632032084637,-0.2,2
858,-0.5540198626292123,-0.757444910448194,-0.2,2
859,-0.5510084008823615,-0.7592228054453389,-0.2,2
860,-0.5479764190863468,-0.7609654754836008,-0.2,2
861,-0.5449243292474885,-0.7626726837571154,-0.2,2
862,-0.5418525461045236,-0.7643441982788046,-0.2,2
863,-0.5387614870722506,-0.7659797919119,-0.2,2
864,-0.5356515721848059,-0.7675792424008081,-0.2,2
865,-0.5325232240385878,-0.7691423324013118,-0.2,2
866,-0.5293768677348324,-0.7706688495101046,-0.2,2
867,-0.5262129308218453,-0.7721585862936535,-0.2,2
868,-0.5230318432369063,-0.7736113403163862,-0.2,2
869,-0.519834037247844,-0.7750269141681998,-0.2,2
870,-0.5166199473942987,-0.7764051154912857,-0.2,2
871,-0.513390010428672,-0.7777457570062694,-0.2,2
872,-0.5101446652567794,-0.7790486565376584,-0.2,2
873,-0.5068843528782085,-0.7803136370385975,-0.2,2
874,-0.5036095163263922,-0.7815405266149282,-0.2,2
875,-0.5003206006084078,-0.782729158548545,-0.2,2
876,-0.4970180526445047,-0.7838793713200523,-0.2,2
877,-0.4937023212073747,-0.784991008630711,-0.2,2
878,-0.4903738568611703,-0.7860639194236783,-0.2,2
879,-0.4870331119002777,-0.7870979579045343,-0.2,2
880,-0.4836805402878571,-0.7880929835610933,-0.2,2
881,-0.4803165975941539,-0.7890488611824975,-0.2,2
882,-0.4769417409345943,-0.789965460877591,-0.2,2
883,-0.4735564289076678,-0.7908426580925694,-0.2,2
884,-0.4701611215326103,-0.7916803336279055,-0.2,2
885,-0.4667562801868944,-0.7924783736545471,-0.2,2
886,-0.4633423675435323,-0.7932366697293844,-0.2,2
887,-0.4599198475082073,-0.7939551188099863,-0.2,2
888,-0.4564891851562326,-0.7946336232686027,-0.2,2
889,-0.4530508466693549,-0.7952720909054302,-0.2,2
890,-0.449605299272407,-0.7958704349611413,-0.2,2
891,-0.4461530111698167,-0.796428574128674,-0.2,2
892,-0.4426944514819856,-0.7969464325642798,-0.2,2
893,-0.4392300901815401,-0.7974239398978304,-0.2,2
894,-0.4357603980294694,-0.7978610312423797,-0.2,2
895,-0.4322858465111558,-0.7982576472029813,-0.2,2
896,-0.4288069077723045,-0.7986137338847594,-0.2,2
897,-0.4253240545547866,-0.7989292429002325,-0.2,2
898,-0.4218377601323989,-0.7992041313758882,-0.2,2
899,-0.4183484982465528,-0.7994383619580101,-0.2,2
900,-0.4148567430418987,-0.7996319028177523,-0.2,2
901,-0.4113629690018958,-0.799784727655466,-0.2,2
902,-0.4078676508843371,-0.7998968157042722,-0.2,2
903,-0.4043712636568346,-0.7999681517328838,-0.2,2
904,-0.400874282432279,-0.7999987260476761,-0.2,2
905,-0.3973771824042769,-0.799988534494003,-0.2,2
906,-0.3938804387825784,-0.7999375784567619,-0.2,2
907,-0.3903845267285035,-0.7998458648602064,-0.2,2
908,-0.3868899212903724,-0.7997134061670037,-0.2,2
909,-0.3833970973389541,-0.7995402203765427,-0.2,2
910,-0.3799065295029362,-0.7993263310224872,-0.2,2
911,-0.3764186921044311,-0.7990717671695782,-0.2,2
912,-0.3729340590945198,-0.7987765634096842,-0.2,2
913,-0.3694531039888493,-0.7984407598571013,-0.2,2
914,-0.3659762998032888,-0.7980644021431011,-0.2,2
915,-0.3625041189896509,-0.7976475414097313,-0.2,2
916,-0.3590370333714942,-0.7971902343028652,-0.2,2
917,-0.3555755140800068,-0.7966925429645044,-0.2,2
918,-0.3521200314899862,-0.7961545350243351,-0.2,2
919,-0.3486710551559228,-0.7955762835905372,-0.2,2
920,-0.3452290537481914,-0.7949578672398508,-0.2,2
921,-0.3417944949893677,-0.7942993700068983,-0.2,2
922,-0.3383678455906683,-0.7936008813727647,-0.2,2
923,-0.3349495711885333,-0.7928624962528392,-0.2,2
924,-0.3315401362813504,-0.7920843149839167,-0.2,2
925,-0.3281400041663367,-0.7912664433105638,-0.2,2
926,-0.3247496368765833,-0.7904089923707494,-0.2,2
927,-0.3213694951182693,-0.7895120786807419,-0.2,2
928,-0.3180000382080601,-0.7885758241192778,-0.2,2
929,-0.3146417240106904,-0.7876003559109983,-0.2,2
930,-0.3112950088767474,-0.7865858066091614,-0.2,2
931,-0.3079603475806592,-0.785532314077631,-0.2,2
932,-0.3046381932588955,-0.7844400214721413,-0.2,2
933,-0.3013289973483941,-0.7833090772208451,-0.2,2
934,-0.2980332095252149,-0.7821396350041434,-0.2,2
935,-0.2947512776434364,-0.7809318537338032,-0.2,2
936,-0.2914836476742968,-0.7796858975313625,-0.2,2
937,-0.2882307636455933,-0.7784019357058294,-0.2,2
938,-0.2849930675813449,-0.7770801427306744,-0.2,2
939,-0.2817709994417257,-0.7757206982201219,-0.2,2
940,-0.2785649970632819,-0.7743237869047437,-0.2,2
941,-0.2753754960994342,-0.7728895986063555,-0.2,2
942,-0.2722029299612787,-0.7714183282122233,-0.2,2
943,-0.269047729758693,-0.7699101756485807,-0.2,2
944,-0.265910324241752,-0.7683653458534614,-0.2,2
945,-0.2627911397424686,-0.7667840487488509,-0.2,2
946,-0.2596906001168592,-0.7651664992121607,-0.2,2
947,-0.2566091266873483,-0.7635129170470303,-0.2,2
948,-0.2535471381855157,-0.7618235269534569,-0.2,2
949,-0.2505050506951964,-0.760098558497263,-0.2,2
950,-0.2474832775959412,-0.7583382460789019,-0.2,2
951,-0.2444822295068424,-0.7565428289016038,-0.2,2
952,-0.2415023142307377,-0.7547125509388735,-0.2,2
953,-0.2385439366987936,-0.7528476609013357,-0.2,2
954,-0.2356074989154816,-0.7509484122029398,-0.2,2
955,-0.2326933999039512,-0.7490150629265242,-0.2,2
956,-0.2298020356518071,-0.7470478757887451,-0.2,2
957,-0.2269337990573005,-0.7450471181043784,-0.2,2
958,-0.2240890798759388,-0.7430130617499935,-0.2,2
959,-0.2212682646675237,-0.7409459831270105,-0.2,2
960,-0.218471736743622,-0.7388461631241396,-0.2,2
961,-0.2156998761154788,-0.7367138870792125,-0.2,2
962,-0.21295305944238,-0.734549444740409,-0.2,2
963,-0.2102316599804674,-0.7323531302268835,-0.2,2
964,-0.2075360475320203,-0.7301252419887989,-0.2,2
965,-0.2048665883952022,-0.7278660827667702,-0.2,2
966,-0.2022236453142868,-0.7255759595507265,-0.2,2
967,-0.1996075774303664,-0.7232551835381955,-0.2,2
968,-0.1970187402325475,-0.7209040700920152,-0.2,2
969,-0.1944574855096468,-0.7185229386974807,-0.2,2
970,-0.1919241613023855,-0.71611211291893,-0.2,2
971,-0.1894191118560974,-0.7136719203557763,-0.2,2
972,-0.1869426775739485,-0.7112026925979912,-0.2,2
973,-0.1844951949706817,-0.7087047651810459,-0.2,2
974,-0.1820769966268892,-0.7061784775403173,-0.2,2
975,-0.179688411143818,-0.7036241729649617,-0.2,2
976,-0.1773297630987191,-0.7010421985512678,-0.2,2
977,-0.1750013730007396,-0.69843290515549,-0.2,2
978,-0.1727035572473713,-0.6957966473461714,-0.2,2
979,-0.1704366280814564,-0.693133783355964,-0.2,2
980,-0.1682008935487566,-0.6904446750329479,-0.2,2
981,-0.1659966574560953,-0.6877296877914625,-0.2,2
982,-0.1638242193300729,-0.6849891905624501,-0.2,2
983,-0.1616838743763662,-0.6822235557433243,-0.2,2
984,-0.159575913439613,-0.6794331591473648,-0.2,2
985,-0.1575006229638906,-0.6766183799526506,-0.2,2
986,-0.1554582849537918,-0.6737796006505341,-0.2,2
987,-0.153449176936104,-0.6709172069936653,-0.2,2
988,-0.1514735719220972,-0.6680315879435739,-0.2,2
989,-0.1495317383704252,-0.6651231356178137,-0.2,2
990,-0.1476239401506456,-0.6621922452366792,-0.2,2
991,-0.1457504365073638,-0.6592393150695015,-0.2,2
992,-0.1439114820250042,-0.6562647463805265,-0.2,2
993,-0.1421073265932168,-0.6532689433743909,-0.2,2
994,-0.1403382153729191,-0.650252313141194,-0.2,2
995,-0.1386043887629832,-0.6472152656011814,-0.2,2
996,-0.1369060823675679,-0.6441582134490402,-0.2,2
997,-0.1352435269641036,-0.641081572097821,-0.2,2
998,-0.1336169484719328,-0.6379857596224882,-0.2,2
999,-0.1320265679216101,-0.6348711967031083,-0.2,2
1000,-0.1304726014248678,-0.6317383065676868,-0.2,2
1001,-0.1289552601452486,-0.6285875149346551,-0.2,2
1002,-0.1274747502694114,-0.6254192499550221,-0.2,2
1003,-0.1260312729791135,-0.6222339421541945,-0.2,2
1004,-0.1246250244238721,-0.6190320243734727,-0.2,2
1005,-0.1232561956943112,-0.6158139317112351,-0.2,2
1006,-0.1219249727961934,-0.6125801014638121,-0.2,2
1007,-0.1206315366251458,-0.6093309730660654,-0.2,2
1008,-0.1193760629420771,-0.6060669880316725,-0.2,2
1009,-0.1181587223492954,-0.6027885898931318,-0.2,2
1010,-0.1169796802673248,-0.5994962241414934,-0.2,2
1011,-0.1158390969124269,-0.5961903381658206,-0.2,2
1012,-0.1147371272748302,-0.5928713811923975,-0.2,2
1013,-0.1136739210976681,-0.5895398042236838,-0.2,2
1014,-0.1126496228566313,-0.5861960599770302,-0.2,2
1015,-0.1116643717403355,-0.5828406028231602,-0.2,2
1016,-0.1107183016314072,-0.5794738887244264,-0.2,2
1017,-0.1098115410882912,-0.5760963751728523,-0.2,2
1018,-0.1089442133277807,-0.5727085211279639,-0.2,2
1019,-0.1081164362082742,-0.5693107869544237,-0.2,2
1020,-0.10732832221376,-0.5659036343594744,-0.2,2
1021,-0.1065799784385309,-0.5624875263301966,-0.2,2
1022,-0.1058715065726319,-0.5590629270705972,-0.2,2
1023,-0.1052030028880414,-0.5556303019385285,-0.2,2
1024,-0.1045745582255894,-0.5521901173824538,-0.2,2
1025,-0.1039862579826133,-0.5487428408780619,-0.2,2
1026,-0.1034381821013538,-0.5452889408647432,-0.2,2
1027,-0.1029304050580914,-0.5418288866819371,-0.2,2
1028,-0.1024629958530262,-0.5383631485053517,-0.2,2
1029,-0.1020360180009019,-0.5348921972830765,-0.2,2
1030,-0.1016495295223747,-0.5314165046715837,-0.2,2
1031,-0.1013035829361292,-0.5279365429716385,-0.2,2
1032,-0.100998225251742,-0.5244527850641191,-0.2,2
1033,-0.1007334979632931,-0.5209657043457572,-0.2,2
1034,-0.100509437043728,-0.5174757746648119,-0.2,2
1035,-0.1003260729399693,-0.5139834702566777,-0.2,2
1036,-0.1001834305687792,-0.5104892656794442,-0.2,2
1037,-0.1000815293133739,-0.5069936357494078,-0.2,2
1038,-0.1000203830207893,-0.5034970554765521,-0.2,2
1039,-0.1,-0.5000000000000001,-0.2,2
